"variable","levels","Africa","Antarctic","Asia_Temperate","Asia_Tropical","Australasia","Europe","Northern_America","Pacific","Southern_America"
"Height_max_max",NA,2.55867810292634,0.555,4.65707792207792,4.90960597826087,8.18747723132969,3.42934802158273,5.15164188615123,7.19632,3.43129383886256
"bg_num",NA,2.09781950333131,3.36363636363636,2.45980511571255,2.5287598944591,2.00310237849018,2.07590529247911,2.44690818238601,3.05050505050505,2.3930035528833
"hab_suit_mean",NA,0.161824238128987,0.195888888888889,0.194354865771812,0.179551194539249,0.131096179183136,0.177485331098072,0.182343561134356,0.155917525773196,0.157740985576923
"new_sum.L3.code",NA,10.4264082374319,25.4545454545455,20.1912302070646,10.3129287598945,6.33195449844881,20.6608635097493,14.628981886321,15.4444444444444,9.13746925389451
"prov_num",NA,2.48334342822532,2.90909090909091,3.0931790499391,2.82955145118733,2.26783867631851,2.73955431754875,2.87507807620237,3.21212121212121,2.76223011751845
"residence_time_to_2020",NA,68.3822075782537,82.5,78.6941015089163,70.5655737704918,66.0492610837438,75.0261324041812,66.8184143222506,73.9833333333333,60.8577464788732
